date,gm,ls1,ak,ls2,ls3,day,day_of_week,month,day_of_month,gm_lag1,gm_lag2,ls1_lag1,ls1_lag2,ak_lag1,ak_lag2,ls2_lag1,ls2_lag2,ls3_lag1,ls3_lag2
2025-01-01,61,46,24,47,64,Wed,2,1,1,0.0,0.0,0.0,0.0,0.0,0.0,0.0,0.0,0.0,0.0
2025-01-02,64,43,90,78,81,Thu,3,1,2,61.0,0.0,46.0,0.0,24.0,0.0,47.0,0.0,64.0,0.0
2025-01-03,22,14,22,33,40,Fri,4,1,3,64.0,61.0,43.0,46.0,90.0,24.0,78.0,47.0,81.0,64.0
2025-01-04,94,24,26,17,11,Sat,5,1,4,22.0,64.0,14.0,43.0,22.0,90.0,33.0,78.0,40.0,81.0
2025-01-05,33,95,54,69,95,Sun,6,1,5,94.0,22.0,24.0,14.0,26.0,22.0,17.0,33.0,11.0,40.0
2025-01-06,29,94,7,5,71,Mon,0,1,6,33.0,94.0,95.0,24.0,54.0,26.0,69.0,17.0,95.0,11.0
2025-01-07,36,98,23,70,96,Tues,1,1,7,29.0,33.0,94.0,95.0,7.0,54.0,5.0,69.0,71.0,95.0
2025-01-08,94,71,2,60,64,Wed,2,1,8,36.0,29.0,98.0,94.0,23.0,7.0,70.0,5.0,96.0,71.0
2025-01-09,43,27,95,12,74,Thu,3,1,9,94.0,36.0,71.0,98.0,2.0,23.0,60.0,70.0,64.0,96.0
2025-01-10,46,21,24,1,27,Fri,4,1,10,43.0,94.0,27.0,71.0,95.0,2.0,12.0,60.0,74.0,64.0
2025-01-11,60,75,1,90,9,Sat,5,1,11,46.0,43.0,21.0,27.0,24.0,95.0,1.0,12.0,27.0,74.0
2025-01-12,79,91,80,63,24,Sun,6,1,12,60.0,46.0,75.0,21.0,1.0,24.0,90.0,1.0,9.0,27.0
2025-01-13,27,11,27,82,15,Mon,0,1,13,79.0,60.0,91.0,75.0,80.0,1.0,63.0,90.0,24.0,9.0
2025-01-14,77,56,94,21,52,Tue,1,1,14,27.0,79.0,11.0,91.0,27.0,80.0,82.0,63.0,15.0,24.0
2025-01-15,98,41,52,21,96,Wed,2,1,15,77.0,27.0,56.0,11.0,94.0,27.0,21.0,82.0,52.0,15.0
2025-01-16,24,41,84,29,38,Thu,3,1,16,98.0,77.0,41.0,56.0,52.0,94.0,21.0,21.0,96.0,52.0
2025-01-17,11,79,95,44,46,Fri,4,1,17,24.0,98.0,41.0,41.0,84.0,52.0,29.0,21.0,38.0,96.0
2025-01-18,34,10,13,59,72,Sat,5,1,18,11.0,24.0,79.0,41.0,95.0,84.0,44.0,29.0,46.0,38.0
2025-01-19,99,4,27,97,2,Sun,6,1,19,34.0,11.0,10.0,79.0,13.0,95.0,59.0,44.0,72.0,46.0
2025-01-20,32,34,30,74,54,Mon,0,1,20,99.0,34.0,4.0,10.0,27.0,13.0,97.0,59.0,2.0,72.0
2025-01-21,95,32,69,32,1,Tues,1,1,21,32.0,99.0,34.0,4.0,30.0,27.0,74.0,97.0,54.0,2.0
2025-01-22,59,8,99,26,91,Wed,2,1,22,95.0,32.0,32.0,34.0,69.0,30.0,32.0,74.0,1.0,54.0
2025-01-23,89,89,94,87,59,Thu,3,1,23,59.0,95.0,8.0,32.0,99.0,69.0,26.0,32.0,91.0,1.0
2025-01-24,57,9,14,91,33,Fri,4,1,24,89.0,59.0,89.0,8.0,94.0,99.0,87.0,26.0,59.0,91.0
2025-01-25,65,92,35,76,59,Sat,5,1,25,57.0,89.0,9.0,89.0,14.0,94.0,91.0,87.0,33.0,59.0
2025-01-26,16,89,62,73,18,Sun,6,1,26,65.0,57.0,92.0,9.0,35.0,14.0,76.0,91.0,59.0,33.0
2025-01-27,94,35,13,13,94,Mon,0,1,27,16.0,65.0,89.0,92.0,62.0,35.0,73.0,76.0,18.0,59.0
2025-01-28,65,98,72,18,80,Tues,1,1,28,94.0,16.0,35.0,89.0,13.0,62.0,13.0,73.0,94.0,18.0
2025-01-29,93,47,71,15,38,Wed,2,1,29,65.0,94.0,98.0,35.0,72.0,13.0,18.0,13.0,80.0,94.0
2025-01-30,80,37,5,74,40,Thu,3,1,30,93.0,65.0,47.0,98.0,71.0,72.0,15.0,18.0,38.0,80.0
2025-01-31,17,80,84,82,70,Fri,4,1,31,80.0,93.0,37.0,47.0,5.0,71.0,74.0,15.0,40.0,38.0
2025-02-01,4,3,18,73,79,Sat,5,2,1,17.0,80.0,80.0,37.0,84.0,5.0,82.0,74.0,70.0,40.0
2025-02-02,18,59,86,97,5,Sun,6,2,2,4.0,17.0,3.0,80.0,18.0,84.0,73.0,82.0,79.0,70.0
2025-02-03,80,91,36,82,97,Mon,0,2,3,18.0,4.0,59.0,3.0,86.0,18.0,97.0,73.0,5.0,79.0
2025-02-04,48,57,18,82,22,Tues,1,2,4,80.0,18.0,91.0,59.0,36.0,86.0,82.0,97.0,97.0,5.0
2025-02-05,55,47,82,34,95,Wed,2,2,5,48.0,80.0,57.0,91.0,18.0,36.0,82.0,82.0,22.0,97.0
2025-02-06,30,94,98,9,81,Thu,3,2,6,55.0,48.0,47.0,57.0,82.0,18.0,34.0,82.0,95.0,22.0
2025-02-07,92,73,44,48,58,Fri,4,2,7,30.0,55.0,94.0,47.0,98.0,82.0,9.0,34.0,81.0,95.0
2025-02-08,82,55,46,65,43,Sat,5,2,8,92.0,30.0,73.0,94.0,44.0,98.0,48.0,9.0,58.0,81.0
2025-02-09,53,22,87,95,85,Sun,6,2,9,82.0,92.0,55.0,73.0,46.0,44.0,65.0,48.0,43.0,58.0
2025-02-10,27,8,71,67,58,Mon,0,2,10,53.0,82.0,22.0,55.0,87.0,46.0,95.0,65.0,85.0,43.0
2025-02-11,4,4,4,1,65,Tues,1,2,11,27.0,53.0,8.0,22.0,71.0,87.0,67.0,95.0,58.0,85.0
2025-02-12,89,44,60,70,76,Wed,2,2,12,4.0,27.0,4.0,8.0,4.0,71.0,1.0,67.0,65.0,58.0
2025-02-14,50,12,95,19,12,Fri,4,2,14,89.0,4.0,44.0,4.0,60.0,4.0,70.0,1.0,76.0,65.0
2025-02-15,70,47,95,44,25,Sat,5,2,15,50.0,89.0,12.0,44.0,95.0,60.0,19.0,70.0,12.0,76.0
2025-02-16,51,6,97,19,43,Sun,6,2,16,70.0,50.0,47.0,12.0,95.0,95.0,44.0,19.0,25.0,12.0
2025-02-17,43,50,91,83,15,Mon,0,2,17,51.0,70.0,6.0,47.0,97.0,95.0,19.0,44.0,43.0,25.0
2025-02-18,84,43,47,69,2,Tues,1,2,18,43.0,51.0,50.0,6.0,91.0,97.0,83.0,19.0,15.0,43.0
2025-02-19,12,49,60,10,8,Wed,2,2,19,84.0,43.0,43.0,50.0,47.0,91.0,69.0,83.0,2.0,15.0
2025-02-20,66,33,53,85,64,Thu,3,2,20,12.0,84.0,49.0,43.0,60.0,47.0,10.0,69.0,8.0,2.0
2025-02-21,5,54,10,2,39,Fri,4,2,21,66.0,12.0,33.0,49.0,53.0,60.0,85.0,10.0,64.0,8.0
2025-02-22,19,8,44,15,91,Sat,5,2,22,5.0,66.0,54.0,33.0,10.0,53.0,2.0,85.0,39.0,64.0
2025-02-23,49,79,52,81,1,Sun,6,2,23,19.0,5.0,8.0,54.0,44.0,10.0,15.0,2.0,91.0,39.0
2025-02-24,55,51,77,10,35,Mon,0,2,24,49.0,19.0,79.0,8.0,52.0,44.0,81.0,15.0,1.0,91.0
2025-02-25,66,53,85,50,59,Tues,1,2,25,55.0,49.0,51.0,79.0,77.0,52.0,10.0,81.0,35.0,1.0
2025-02-26,42,41,91,24,39,Wed,2,2,26,66.0,55.0,53.0,51.0,85.0,77.0,50.0,10.0,59.0,35.0
2025-02-27,48,22,71,5,74,Thu,3,2,27,42.0,66.0,41.0,53.0,91.0,85.0,24.0,50.0,39.0,59.0
2025-02-28,98,83,94,58,11,Fri,4,2,28,48.0,42.0,22.0,41.0,71.0,91.0,5.0,24.0,74.0,39.0
2025-03-01,76,10,74,90,93,Sat,5,3,1,98.0,48.0,83.0,22.0,94.0,71.0,58.0,5.0,11.0,74.0
2025-03-02,8,41,34,79,61,Sun,6,3,2,76.0,98.0,10.0,83.0,74.0,94.0,90.0,58.0,93.0,11.0
2025-03-03,16,33,78,46,77,Mon,0,3,3,8.0,76.0,41.0,10.0,34.0,74.0,79.0,90.0,61.0,93.0
2025-03-04,93,93,55,91,6,Tues,1,3,4,16.0,8.0,33.0,41.0,78.0,34.0,46.0,79.0,77.0,61.0
2025-03-05,46,87,12,14,84,Wed,2,3,5,93.0,16.0,93.0,33.0,55.0,78.0,91.0,46.0,6.0,77.0
2025-03-06,35,57,87,12,87,Thu,3,3,6,46.0,93.0,87.0,93.0,12.0,55.0,14.0,91.0,84.0,6.0
2025-03-07,5,1,20,32,38,Fri,4,3,7,35.0,46.0,57.0,87.0,87.0,12.0,12.0,14.0,87.0,84.0
2025-03-08,54,95,87,59,51,Sat,5,3,8,5.0,35.0,1.0,57.0,20.0,87.0,32.0,12.0,38.0,87.0
2025-03-09,74,81,53,61,5,Sun,6,3,9,54.0,5.0,95.0,1.0,87.0,20.0,59.0,32.0,51.0,38.0
2025-03-10,18,30,55,69,34,Mon,0,3,10,74.0,54.0,81.0,95.0,53.0,87.0,61.0,59.0,5.0,51.0
2025-03-11,69,3,68,98,18,Tues,1,3,11,18.0,74.0,30.0,81.0,55.0,53.0,69.0,61.0,34.0,5.0
2025-03-12,65,25,16,54,66,Wed,2,3,12,69.0,18.0,3.0,30.0,68.0,55.0,98.0,69.0,18.0,34.0
2025-03-13,97,15,55,35,52,Thu,3,3,13,65.0,69.0,25.0,3.0,16.0,68.0,54.0,98.0,66.0,18.0
2025-03-14,53,37,35,56,29,Fri,4,3,14,97.0,65.0,15.0,25.0,55.0,16.0,35.0,54.0,52.0,66.0
2025-03-15,81,33,43,88,87,Sat,5,3,15,53.0,97.0,37.0,15.0,35.0,55.0,56.0,35.0,29.0,52.0
2025-03-16,25,39,40,34,97,Sun,6,3,16,81.0,53.0,33.0,37.0,43.0,35.0,88.0,56.0,87.0,29.0
2025-03-17,18,60,53,57,32,Mon,0,3,17,25.0,81.0,39.0,33.0,40.0,43.0,34.0,88.0,97.0,87.0
2025-03-18,38,87,1,24,54,Tues,1,3,18,18.0,25.0,60.0,39.0,53.0,40.0,57.0,34.0,32.0,97.0
2025-03-19,39,28,8,70,37,Wed,2,3,19,38.0,18.0,87.0,60.0,1.0,53.0,24.0,57.0,54.0,32.0
2025-03-20,75,28,46,70,38,Thu,3,3,20,39.0,38.0,28.0,87.0,8.0,1.0,70.0,24.0,37.0,54.0
2025-03-21,49,30,30,64,41,Fri,4,3,21,75.0,39.0,28.0,28.0,46.0,8.0,70.0,70.0,38.0,37.0
2025-03-22,20,48,99,78,51,Sat_,5,3,22,49.0,75.0,30.0,28.0,30.0,46.0,64.0,70.0,41.0,38.0
2025-03-23,75,34,43,50,14,Sun,6,3,23,20.0,49.0,48.0,30.0,99.0,30.0,78.0,64.0,51.0,41.0
2025-03-24,11,42,62,58,60,Mon,0,3,24,75.0,20.0,34.0,48.0,43.0,99.0,50.0,78.0,14.0,51.0
2025-03-25,82,30,32,32,11,Tues,1,3,25,11.0,75.0,42.0,34.0,62.0,43.0,58.0,50.0,60.0,14.0
2025-03-26,53,6,40,19,30,Wed,2,3,26,82.0,11.0,30.0,42.0,32.0,62.0,32.0,58.0,11.0,60.0
2025-03-27,4,41,19,2,56,Thu,3,3,27,53.0,82.0,6.0,30.0,40.0,32.0,19.0,32.0,30.0,11.0
2025-03-28,33,20,74,71,74,Fri,4,3,28,4.0,53.0,41.0,6.0,19.0,40.0,2.0,19.0,56.0,30.0
2025-03-29,2,49,64,25,86,Sat,5,3,29,33.0,4.0,20.0,41.0,74.0,19.0,71.0,2.0,74.0,56.0
2025-03-30,43,11,87,38,44,Sun,6,3,30,2.0,33.0,49.0,20.0,64.0,74.0,25.0,71.0,86.0,74.0
2025-04-02,61,8,4,17,38,Wed,2,4,2,43.0,2.0,11.0,49.0,87.0,64.0,38.0,25.0,44.0,86.0
2025-04-03,14,61,9,88,62,Thu,3,4,3,61.0,43.0,8.0,11.0,4.0,87.0,17.0,38.0,38.0,44.0
2025-04-04,81,88,69,34,92,Fri,4,4,4,14.0,61.0,61.0,8.0,9.0,4.0,88.0,17.0,62.0,38.0
2025-04-05,32,13,62,73,1,Sat,5,4,5,81.0,14.0,88.0,61.0,69.0,9.0,34.0,88.0,92.0,62.0
2025-04-06,34,50,64,61,86,Sun,6,4,6,32.0,81.0,13.0,88.0,62.0,69.0,73.0,34.0,1.0,92.0
2025-04-07,9,37,72,67,86,Mon,0,4,7,34.0,32.0,50.0,13.0,64.0,62.0,61.0,73.0,86.0,1.0
2025-04-08,97,70,61,39,99,Tues,1,4,8,9.0,34.0,37.0,50.0,72.0,64.0,67.0,61.0,86.0,86.0
2025-04-09,17,32,61,83,53,Wed,2,4,9,97.0,9.0,70.0,37.0,61.0,72.0,39.0,67.0,99.0,86.0
2025-04-10,9,8,51,97,64,Thu,3,4,10,17.0,97.0,32.0,70.0,61.0,61.0,83.0,39.0,53.0,99.0
2025-04-11,67,40,69,84,90,Fri,4,4,11,9.0,17.0,8.0,32.0,51.0,61.0,97.0,83.0,64.0,53.0
2025-04-12,71,92,51,26,29,Sat,5,4,12,67.0,9.0,40.0,8.0,69.0,51.0,84.0,97.0,90.0,64.0
2025-04-13,38,38,12,15,92,Sun,6,4,13,71.0,67.0,92.0,40.0,51.0,69.0,26.0,84.0,29.0,90.0
2025-04-14,32,46,99,98,74,Mon,0,4,14,38.0,71.0,38.0,92.0,12.0,51.0,15.0,26.0,92.0,29.0
2025-04-15,55,17,64,15,62,Tues,1,4,15,32.0,38.0,46.0,38.0,99.0,12.0,98.0,15.0,74.0,92.0
2025-04-16,1,91,70,5,92,Wed,2,4,16,55.0,32.0,17.0,46.0,64.0,99.0,15.0,98.0,62.0,74.0
2025-04-17,79,65,74,3,93,Thu,3,4,17,1.0,55.0,91.0,17.0,70.0,64.0,5.0,15.0,92.0,62.0
2025-04-18,5,25,3,55,37,Fri,4,4,18,79.0,1.0,65.0,91.0,74.0,70.0,3.0,5.0,93.0,92.0
2025-04-19,67,67,89,62,72,Sat,5,4,19,5.0,79.0,25.0,65.0,3.0,74.0,55.0,3.0,37.0,93.0
2025-04-20,44,75,48,5,54,Sun,6,4,20,67.0,5.0,67.0,25.0,89.0,3.0,62.0,55.0,72.0,37.0
2025-04-21,51,44,57,11,75,Mon,0,4,21,44.0,67.0,75.0,67.0,48.0,89.0,5.0,62.0,54.0,72.0
2025-04-22,90,64,79,52,81,Tues,1,4,22,51.0,44.0,44.0,75.0,57.0,48.0,11.0,5.0,75.0,54.0
2025-04-23,57,70,0,65,7,Wed,2,4,23,90.0,51.0,64.0,44.0,79.0,57.0,52.0,11.0,81.0,75.0
2025-04-24,48,97,77,27,6,Thu,3,4,24,57.0,90.0,70.0,64.0,0.0,79.0,65.0,52.0,7.0,81.0
2025-04-25,99,44,96,6,71,Fri,4,4,25,48.0,57.0,97.0,70.0,77.0,0.0,27.0,65.0,6.0,7.0
2025-04-26,61,96,38,4,29,Sat,5,4,26,99.0,48.0,44.0,97.0,96.0,77.0,6.0,27.0,71.0,6.0
2025-04-27,52,9,62,90,70,Sun,6,4,27,61.0,99.0,96.0,44.0,38.0,96.0,4.0,6.0,29.0,71.0
2025-04-28,69,95,45,75,47,Mon,0,4,28,52.0,61.0,9.0,96.0,62.0,38.0,90.0,4.0,70.0,29.0
2025-04-29,8,89,39,86,82,Tues,1,4,29,69.0,52.0,95.0,9.0,45.0,62.0,75.0,90.0,47.0,70.0
2025-04-30,63,50,47,69,70,Wed,2,4,30,8.0,69.0,89.0,95.0,39.0,45.0,86.0,75.0,82.0,47.0
2025-05-01,25,22,6,96,70,Thu,3,5,1,63.0,8.0,50.0,89.0,47.0,39.0,69.0,86.0,70.0,82.0
2025-05-02,35,91,90,0,3,Fri,4,5,2,25.0,63.0,22.0,50.0,6.0,47.0,96.0,69.0,70.0,70.0
2025-05-03,99,73,6,98,32,Sat,5,5,3,35.0,25.0,91.0,22.0,90.0,6.0,0.0,96.0,3.0,70.0
2025-05-04,96,20,86,40,9,Sun,6,5,4,99.0,35.0,73.0,91.0,6.0,90.0,98.0,0.0,32.0,3.0
2025-05-05,84,90,98,37,94,Mon,0,5,5,96.0,99.0,20.0,73.0,86.0,6.0,40.0,98.0,9.0,32.0
2025-05-06,83,14,0,25,95,Tues,1,5,6,84.0,96.0,90.0,20.0,98.0,86.0,37.0,40.0,94.0,9.0
2025-05-07,49,29,67,32,18,Wed,2,5,7,83.0,84.0,14.0,90.0,0.0,98.0,25.0,37.0,95.0,94.0
2025-05-08,98,42,16,26,95,Thu,3,5,8,49.0,83.0,29.0,14.0,67.0,0.0,32.0,25.0,18.0,95.0
2025-05-09,16,44,31,44,33,Fri,4,5,9,98.0,49.0,42.0,29.0,16.0,67.0,26.0,32.0,95.0,18.0
2025-05-10,84,81,0,63,4,Sat,5,5,10,16.0,98.0,44.0,42.0,31.0,16.0,44.0,26.0,33.0,95.0
2025-05-11,74,96,2,87,41,Sun,6,5,11,84.0,16.0,81.0,44.0,0.0,31.0,63.0,44.0,4.0,33.0
2025-05-12,14,47,99,33,89,Mon,0,5,12,74.0,84.0,96.0,81.0,2.0,0.0,87.0,63.0,41.0,4.0
2025-05-13,21,84,40,91,72,Tue,1,5,13,14.0,74.0,47.0,96.0,99.0,2.0,33.0,87.0,89.0,41.0
2025-05-14,72,62,3,49,20,Wed,2,5,14,21.0,14.0,84.0,47.0,40.0,99.0,91.0,33.0,72.0,89.0
2025-05-15,48,61,48,84,86,Thu,3,5,15,72.0,21.0,62.0,84.0,3.0,40.0,49.0,91.0,20.0,72.0
2025-05-16,49,67,26,52,93,Fri,4,5,16,48.0,72.0,61.0,62.0,48.0,3.0,84.0,49.0,86.0,20.0
2025-05-17,79,20,79,14,20,Sat,5,5,17,49.0,48.0,67.0,61.0,26.0,48.0,52.0,84.0,93.0,86.0
2025-05-18,35,62,11,9,6,Sun,6,5,18,79.0,49.0,20.0,67.0,79.0,26.0,14.0,52.0,20.0,93.0
2025-05-19,15,13,23,9,67,Mon,0,5,19,35.0,79.0,62.0,20.0,11.0,79.0,9.0,14.0,6.0,20.0
2025-05-20,46,0,13,83,13,Tues,1,5,20,15.0,35.0,13.0,62.0,23.0,11.0,9.0,9.0,67.0,6.0
2025-05-21,5,94,65,44,48,Wed,2,5,21,46.0,15.0,0.0,13.0,13.0,23.0,83.0,9.0,13.0,67.0
2025-05-22,8,18,6,98,14,Thu,3,5,22,5.0,46.0,94.0,0.0,65.0,13.0,44.0,83.0,48.0,13.0
2025-05-23,20,63,4,46,56,Fri,4,5,23,8.0,5.0,18.0,94.0,6.0,65.0,98.0,44.0,14.0,48.0
2025-05-24,83,21,93,95,8,Sat,5,5,24,20.0,8.0,63.0,18.0,4.0,6.0,46.0,98.0,56.0,14.0
2025-05-25,12,82,89,8,65,Sun,6,5,25,83.0,20.0,21.0,63.0,93.0,4.0,95.0,46.0,8.0,56.0
2025-05-27,21,49,89,12,62,Tues,1,5,27,12.0,83.0,82.0,21.0,89.0,93.0,8.0,95.0,65.0,8.0
2025-05-28,37,41,85,60,19,Wed,2,5,28,21.0,12.0,49.0,82.0,89.0,89.0,12.0,8.0,62.0,65.0
2025-05-29,20,46,17,42,39,Thu,3,5,29,37.0,21.0,41.0,49.0,85.0,89.0,60.0,12.0,19.0,62.0
2025-05-30,74,75,49,56,3,Fri,4,5,30,20.0,37.0,46.0,41.0,17.0,85.0,42.0,60.0,39.0,19.0
2025-05-31,7,54,46,0,57,Sat,5,5,31,74.0,20.0,75.0,46.0,49.0,17.0,56.0,42.0,3.0,39.0
2025-06-01,25,80,26,79,98,Sun,6,6,1,7.0,74.0,54.0,75.0,46.0,49.0,0.0,56.0,57.0,3.0
2025-06-02,49,42,11,0,68,Mon,0,6,2,25.0,7.0,80.0,54.0,26.0,46.0,79.0,0.0,98.0,57.0
2025-06-03,29,3,43,3,56,Tues,1,6,3,49.0,25.0,42.0,80.0,11.0,26.0,0.0,79.0,68.0,98.0
2025-06-04,91,48,11,23,21,Wed,2,6,4,29.0,49.0,3.0,42.0,43.0,11.0,3.0,0.0,56.0,68.0
2025-06-06,46,98,93,75,72,Fri,4,6,6,91.0,29.0,48.0,3.0,11.0,43.0,23.0,3.0,21.0,56.0
2025-06-09,15,81,73,73,11,Mon,0,6,9,46.0,91.0,98.0,48.0,93.0,11.0,75.0,23.0,72.0,21.0
2025-06-10,72,76,39,79,76,Tues,1,6,10,15.0,46.0,81.0,98.0,73.0,93.0,73.0,75.0,11.0,72.0
2025-06-11,73,22,34,93,35,Wed,2,6,11,72.0,15.0,76.0,81.0,39.0,73.0,79.0,73.0,76.0,11.0
2025-06-12,4,79,18,96,66,Thu,3,6,12,73.0,72.0,22.0,76.0,34.0,39.0,93.0,79.0,35.0,76.0
2025-06-13,31,60,24,27,14,Fri,4,6,13,4.0,73.0,79.0,22.0,18.0,34.0,96.0,93.0,66.0,35.0
2025-06-14,70,65,23,86,63,Sat,5,6,14,31.0,4.0,60.0,79.0,24.0,18.0,27.0,96.0,14.0,66.0
2025-06-15,4,20,33,73,86,Sun,6,6,15,70.0,31.0,65.0,60.0,23.0,24.0,86.0,27.0,63.0,14.0
2025-06-16,18,7,70,71,5,Mon,0,6,16,4.0,70.0,20.0,65.0,33.0,23.0,73.0,86.0,86.0,63.0
2025-06-17,7,44,27,30,68,Tue,1,6,17,18.0,4.0,7.0,20.0,70.0,33.0,71.0,73.0,5.0,86.0
2025-06-18,78,76,63,88,72,Wed,2,6,18,7.0,18.0,44.0,7.0,27.0,70.0,30.0,71.0,68.0,5.0
2025-06-19,3,50,76,5,51,Thu,3,6,19,78.0,7.0,76.0,44.0,63.0,27.0,88.0,30.0,72.0,68.0
2025-06-20,89,72,20,7,22,Fri,4,6,20,3.0,78.0,50.0,76.0,76.0,63.0,5.0,88.0,51.0,72.0
2025-06-21,83,80,76,27,99,Sat,5,6,21,89.0,3.0,72.0,50.0,20.0,76.0,7.0,5.0,22.0,51.0
2025-06-22,7,79,24,58,15,Sun,6,6,22,83.0,89.0,80.0,72.0,76.0,20.0,27.0,7.0,99.0,22.0
2025-06-23,62,79,57,11,30,Mon,0,6,23,7.0,83.0,79.0,80.0,24.0,76.0,58.0,27.0,15.0,99.0
2025-06-24,21,56,2,40,48,Tue,1,6,24,62.0,7.0,79.0,79.0,57.0,24.0,11.0,58.0,30.0,15.0
2025-06-25,70,30,20,68,78,Wed,2,6,25,21.0,62.0,56.0,79.0,2.0,57.0,40.0,11.0,48.0,30.0
2025-06-27,75,58,13,35,47,fri,4,6,27,70.0,21.0,30.0,56.0,20.0,2.0,68.0,40.0,78.0,48.0
2025-06-28,15,76,7,37,91,sat,5,6,28,75.0,70.0,58.0,30.0,13.0,20.0,35.0,68.0,47.0,78.0
2025-06-29,13,81,63,60,71,sun,6,6,29,15.0,75.0,76.0,58.0,7.0,13.0,37.0,35.0,91.0,47.0
2025-06-30,43,59,37,81,63,mon,0,6,30,13.0,15.0,81.0,76.0,63.0,7.0,60.0,37.0,71.0,91.0
2025-07-01,24,15,76,66,22,Tue,1,7,1,43.0,13.0,59.0,81.0,37.0,63.0,81.0,60.0,63.0,71.0
2025-07-02,86,11,52,91,24,wed,2,7,2,24.0,43.0,15.0,59.0,76.0,37.0,66.0,81.0,22.0,63.0
2025-07-03,19,65,52,51,57,Thu,3,7,3,86.0,24.0,11.0,15.0,52.0,76.0,91.0,66.0,24.0,22.0
2025-07-04,99,6,66,40,23,fri,4,7,4,19.0,86.0,65.0,11.0,52.0,52.0,51.0,91.0,57.0,24.0
2025-07-07,88,58,90,97,35,mon,0,7,7,99.0,19.0,6.0,65.0,66.0,52.0,40.0,51.0,23.0,57.0
2025-07-08,24,99,31,7,39,Tue,1,7,8,88.0,99.0,58.0,6.0,90.0,66.0,97.0,40.0,35.0,23.0
2025-07-09,95,92,65,67,54,wed,2,7,9,24.0,88.0,99.0,58.0,31.0,90.0,7.0,97.0,39.0,35.0
2025-07-10,27,90,83,56,62,Thu,3,7,10,95.0,24.0,92.0,99.0,65.0,31.0,67.0,7.0,54.0,39.0
2025-07-11,88,95,77,31,72,fri,4,7,11,27.0,95.0,90.0,92.0,83.0,65.0,56.0,67.0,62.0,54.0
2025-07-12,11,73,75,78,88,sat,5,7,12,88.0,27.0,95.0,90.0,77.0,83.0,31.0,56.0,72.0,62.0
2025-07-13,78,57,14,43,32,sun,6,7,13,11.0,88.0,73.0,95.0,75.0,77.0,78.0,31.0,88.0,72.0
2025-07-14,88,71,14,82,79,mon,0,7,14,78.0,11.0,57.0,73.0,14.0,75.0,43.0,78.0,32.0,88.0
2025-07-15,29,73,73,99,9,Tue,1,7,15,88.0,78.0,71.0,57.0,14.0,14.0,82.0,43.0,79.0,32.0
2025-07-16,74,27,97,51,34,Wed,2,7,16,29.0,88.0,73.0,71.0,73.0,14.0,99.0,82.0,9.0,79.0
2025-07-17,67,7,7,61,51,Thu,3,7,17,74.0,29.0,27.0,73.0,97.0,73.0,51.0,99.0,34.0,9.0
2025-07-18,82,13,75,93,14,Fri,4,7,18,67.0,74.0,7.0,27.0,7.0,97.0,61.0,51.0,51.0,34.0
2025-07-19,42,76,28,23,47,sat,5,7,19,82.0,67.0,13.0,7.0,75.0,7.0,93.0,61.0,14.0,51.0
2025-07-20,13,3,37,7,34,sun,6,7,20,42.0,82.0,76.0,13.0,28.0,75.0,23.0,93.0,47.0,14.0
2025-07-21,51,36,89,6,50,mon,0,7,21,13.0,42.0,3.0,76.0,37.0,28.0,7.0,23.0,34.0,47.0
2025-07-22,19,63,60,19,75,Tue,1,7,22,51.0,13.0,36.0,3.0,89.0,37.0,6.0,7.0,50.0,34.0
2025-07-23,56,40,38,82,40,Wed,2,7,23,19.0,51.0,63.0,36.0,60.0,89.0,19.0,6.0,75.0,50.0
2025-07-24,59,95,91,51,92,Thu,3,7,24,56.0,19.0,40.0,63.0,38.0,60.0,82.0,19.0,40.0,75.0
2025-07-25,90,42,86,97,19,Fri,4,7,25,59.0,56.0,95.0,40.0,91.0,38.0,51.0,82.0,92.0,40.0
2025-07-26,66,71,41,81,89,sat,5,7,26,90.0,59.0,42.0,95.0,86.0,91.0,97.0,51.0,19.0,92.0
2025-07-27,41,30,81,82,75,sun,6,7,27,66.0,90.0,71.0,42.0,41.0,86.0,81.0,97.0,89.0,19.0
2025-07-28,43,77,82,18,3,Mon,0,7,28,41.0,66.0,30.0,71.0,81.0,41.0,82.0,81.0,75.0,89.0
2025-07-29,54,22,77,4,37,Tue,1,7,29,43.0,41.0,77.0,30.0,82.0,81.0,18.0,82.0,3.0,75.0
2025-07-30,3,65,36,10,75,Wed,2,7,30,54.0,43.0,22.0,77.0,77.0,82.0,4.0,18.0,37.0,3.0
2025-07-31,78,81,1,22,42,Thu,3,7,31,3.0,54.0,65.0,22.0,36.0,77.0,10.0,4.0,75.0,37.0
2025-08-01,78,55,89,76,37,Fir,4,8,1,78.0,3.0,81.0,65.0,1.0,36.0,22.0,10.0,42.0,75.0
2025-08-02,78,38,33,90,28,sat,5,8,2,78.0,78.0,55.0,81.0,89.0,1.0,76.0,22.0,37.0,42.0
2025-08-03,86,8,27,84,3,Sun,6,8,3,78.0,78.0,38.0,55.0,33.0,89.0,90.0,76.0,28.0,37.0
2025-08-04,55,91,98,74,55,mon,0,8,4,86.0,78.0,8.0,38.0,27.0,33.0,84.0,90.0,3.0,28.0
2025-08-05,72,43,7,42,20,Tue,1,8,5,55.0,86.0,91.0,8.0,98.0,27.0,74.0,84.0,55.0,3.0
2025-08-06,63,72,61,27,24,Wed,2,8,6,72.0,55.0,43.0,91.0,7.0,98.0,42.0,74.0,20.0,55.0
2025-08-07,43,19,99,15,65,Thu,3,8,7,63.0,72.0,72.0,43.0,61.0,7.0,27.0,42.0,24.0,20.0
2025-08-08,27,1,28,1,42,Fri,4,8,8,43.0,63.0,19.0,72.0,99.0,61.0,15.0,27.0,65.0,24.0
2025-08-09,62,3,50,92,68,Sat,5,8,9,27.0,43.0,1.0,19.0,28.0,99.0,1.0,15.0,42.0,65.0
2025-08-10,32,82,90,39,7,Sun,6,8,10,62.0,27.0,3.0,1.0,50.0,28.0,92.0,1.0,68.0,42.0
2025-08-11,85,31,31,65,88,Mon,0,8,11,32.0,62.0,82.0,3.0,90.0,50.0,39.0,92.0,7.0,68.0
2025-08-12,62,83,36,3,58,Tue,1,8,12,85.0,32.0,31.0,82.0,31.0,90.0,65.0,39.0,88.0,7.0
2025-08-13,84,20,56,31,93,Wed,2,8,13,62.0,85.0,83.0,31.0,36.0,31.0,3.0,65.0,58.0,88.0
2025-08-14,8,5,46,65,5,Thu,3,8,14,84.0,62.0,20.0,83.0,56.0,36.0,31.0,3.0,93.0,58.0
2025-08-15,26,98,89,31,33,Fri,4,8,15,8.0,84.0,5.0,20.0,46.0,56.0,65.0,31.0,5.0,93.0
2025-08-16,30,98,85,29,48,Sat,5,8,16,26.0,8.0,98.0,5.0,89.0,46.0,31.0,65.0,33.0,5.0
2025-08-17,21,51,39,96,60,Sun,6,8,17,30.0,26.0,98.0,98.0,85.0,89.0,29.0,31.0,48.0,33.0
2025-08-18,38,37,55,98,6,Mon,0,8,18,21.0,30.0,51.0,98.0,39.0,85.0,96.0,29.0,60.0,48.0
2025-08-19,43,24,43,41,71,Tue,1,8,19,38.0,21.0,37.0,51.0,55.0,39.0,98.0,96.0,6.0,60.0
2025-08-20,93,51,8,99,71,Wed,2,8,20,43.0,38.0,24.0,37.0,43.0,55.0,41.0,98.0,71.0,6.0
2025-08-21,31,75,33,37,60,Thu,3,8,21,93.0,43.0,51.0,24.0,8.0,43.0,99.0,41.0,71.0,71.0
2025-08-22,81,65,12,62,50,Fri,4,8,22,31.0,93.0,75.0,51.0,33.0,8.0,37.0,99.0,60.0,71.0
2025-08-23,42,96,32,46,44,Sat,5,8,23,81.0,31.0,65.0,75.0,12.0,33.0,62.0,37.0,50.0,60.0
2025-08-24,55,29,6,31,23,Sun,6,8,24,42.0,81.0,96.0,65.0,32.0,12.0,46.0,62.0,44.0,50.0
2025-08-25,90,4,43,3,36,Mon,0,8,25,55.0,42.0,29.0,96.0,6.0,32.0,31.0,46.0,23.0,44.0
2025-08-26,37,64,15,18,29,The,1,8,26,90.0,55.0,4.0,29.0,43.0,6.0,3.0,31.0,36.0,23.0
2025-08-27,50,67,9,14,61,Wed,2,8,27,37.0,90.0,64.0,4.0,15.0,43.0,18.0,3.0,29.0,36.0
2025-08-28,67,91,3,64,98,Thu,3,8,28,50.0,37.0,67.0,64.0,9.0,15.0,14.0,18.0,61.0,29.0
2025-08-29,9,91,35,51,91,Fri,4,8,29,67.0,50.0,91.0,67.0,3.0,9.0,64.0,14.0,98.0,61.0
2025-08-30,1,60,5,92,83,Sat,5,8,30,9.0,67.0,91.0,91.0,35.0,3.0,51.0,64.0,91.0,98.0
2025-08-31,93,29,72,6,6,Sun,6,8,31,1.0,9.0,60.0,91.0,5.0,35.0,92.0,51.0,83.0,91.0
2025-09-01,59,12,27,55,86,mon,0,9,1,93.0,1.0,29.0,60.0,72.0,5.0,6.0,92.0,6.0,83.0
2025-09-02,11,9,78,88,93,Tue,1,9,2,59.0,93.0,12.0,29.0,27.0,72.0,55.0,6.0,86.0,6.0
2025-09-03,55,42,55,57,21,Wed,2,9,3,11.0,59.0,9.0,12.0,78.0,27.0,88.0,55.0,93.0,86.0
2025-09-04,54,50,91,85,47,Thu,3,9,4,55.0,11.0,42.0,9.0,55.0,78.0,57.0,88.0,21.0,93.0
2025-09-05,31,63,58,83,98,Fri,4,9,5,54.0,55.0,50.0,42.0,91.0,55.0,85.0,57.0,47.0,21.0
2025-09-07,32,66,17,55,31,Sun,6,9,7,31.0,54.0,63.0,50.0,58.0,91.0,83.0,85.0,98.0,47.0
2025-09-08,1,68,35,76,72,Mon,0,9,8,32.0,31.0,66.0,63.0,17.0,58.0,55.0,83.0,31.0,98.0
2025-09-09,38,11,86,84,66,Tue,1,9,9,1.0,32.0,68.0,66.0,35.0,17.0,76.0,55.0,72.0,31.0
2025-09-10,96,39,17,30,3,Wed,2,9,10,38.0,1.0,11.0,68.0,86.0,35.0,84.0,76.0,66.0,72.0
2025-09-11,83,54,29,29,10,Thu,3,9,11,96.0,38.0,39.0,11.0,17.0,86.0,30.0,84.0,3.0,66.0
2025-09-12,38,36,52,10,85,Fri,4,9,12,83.0,96.0,54.0,39.0,29.0,17.0,29.0,30.0,10.0,3.0
2025-09-13,71,1,40,18,3,Sat,5,9,13,38.0,83.0,36.0,54.0,52.0,29.0,10.0,29.0,85.0,10.0
2025-09-14,19,17,75,83,73,Sun,6,9,14,71.0,38.0,1.0,36.0,40.0,52.0,18.0,10.0,3.0,85.0
2025-09-15,46,7,56,50,52,Mon,0,9,15,19.0,71.0,17.0,1.0,75.0,40.0,83.0,18.0,73.0,3.0
2025-09-16,59,19,52,68,35,Tue,1,9,16,46.0,19.0,7.0,17.0,56.0,75.0,50.0,83.0,52.0,73.0
2025-09-17,35,12,6,58,57,Wed,2,9,17,59.0,46.0,19.0,7.0,52.0,56.0,68.0,50.0,35.0,52.0
2025-09-18,30,19,36,20,86,Thu,3,9,18,35.0,59.0,12.0,19.0,6.0,52.0,58.0,68.0,57.0,35.0
2025-09-19,1,95,36,82,70,Fri,4,9,19,30.0,35.0,19.0,12.0,36.0,6.0,20.0,58.0,86.0,57.0
2025-09-20,54,32,33,59,79,Sat,5,9,20,1.0,30.0,95.0,19.0,36.0,36.0,82.0,20.0,70.0,86.0
2025-09-21,1,4,39,8,28,Sun,6,9,21,54.0,1.0,32.0,95.0,33.0,36.0,59.0,82.0,79.0,70.0
2025-09-22,44,27,28,12,58,Mon,0,9,22,1.0,54.0,4.0,32.0,39.0,33.0,8.0,59.0,28.0,79.0
2025-09-23,9,50,33,47,59,Tue,1,9,23,44.0,1.0,27.0,4.0,28.0,39.0,12.0,8.0,58.0,28.0
2025-09-24,3,9,77,95,49,Wed,2,9,24,9.0,44.0,50.0,27.0,33.0,28.0,47.0,12.0,59.0,58.0
2025-09-25,74,96,59,44,17,Thu,3,9,25,3.0,9.0,9.0,50.0,77.0,33.0,95.0,47.0,49.0,59.0
2025-09-26,78,57,90,76,56,Fri,4,9,26,74.0,3.0,96.0,9.0,59.0,77.0,44.0,95.0,17.0,49.0
2025-09-27,19,56,13,82,41,Sat,5,9,27,78.0,74.0,57.0,96.0,90.0,59.0,76.0,44.0,56.0,17.0
2025-09-28,88,42,90,95,21,Sun,6,9,28,19.0,78.0,56.0,57.0,13.0,90.0,82.0,76.0,41.0,56.0
2025-09-29,92,14,96,42,92,Mon,0,9,29,88.0,19.0,42.0,56.0,90.0,13.0,95.0,82.0,21.0,41.0
2025-09-30,79,11,40,58,77,Tue,1,9,30,92.0,88.0,14.0,42.0,96.0,90.0,42.0,95.0,92.0,21.0
2025-10-01,97,8,2,93,73,Sat,2,10,1,79.0,92.0,11.0,14.0,40.0,96.0,58.0,42.0,77.0,92.0
2025-10-02,44,42,74,40,25,Thu,3,10,2,97.0,79.0,8.0,11.0,2.0,40.0,93.0,58.0,73.0,77.0
2025-10-03,7,95,86,71,23,Fri,4,10,3,44.0,97.0,42.0,8.0,74.0,2.0,40.0,93.0,25.0,73.0
2025-10-04,12,86,35,85,91,Sat,5,10,4,7.0,44.0,95.0,42.0,86.0,74.0,71.0,40.0,23.0,25.0
2025-10-05,57,72,72,74,23,Sun,6,10,5,12.0,7.0,86.0,95.0,35.0,86.0,85.0,71.0,91.0,23.0
2025-10-06,36,68,93,54,85,Mon,0,10,6,57.0,12.0,72.0,86.0,72.0,35.0,74.0,85.0,23.0,91.0
2025-10-07,88,46,47,88,99,Tue,1,10,7,36.0,57.0,68.0,72.0,93.0,72.0,54.0,74.0,85.0,23.0
2025-10-08,63,33,42,91,48,Wed,2,10,8,88.0,36.0,46.0,68.0,47.0,93.0,88.0,54.0,99.0,85.0
2025-10-09,56,51,20,26,67,Thu,3,10,9,63.0,88.0,33.0,46.0,42.0,47.0,91.0,88.0,48.0,99.0
2025-10-10,15,47,28,90,78,Fri,4,10,10,56.0,63.0,51.0,33.0,20.0,42.0,26.0,91.0,67.0,48.0
2025-10-11,48,99,54,19,67,Sat,5,10,11,15.0,56.0,47.0,51.0,28.0,20.0,90.0,26.0,78.0,67.0
2025-10-12,82,21,48,45,71,Sun,6,10,12,48.0,15.0,99.0,47.0,54.0,28.0,19.0,90.0,67.0,78.0
2025-10-13,21,77,2,21,28,Mon,0,10,13,82.0,48.0,21.0,99.0,48.0,54.0,45.0,19.0,71.0,67.0
2025-10-14,85,86,29,40,31,Tue,1,10,14,21.0,82.0,77.0,21.0,2.0,48.0,21.0,45.0,28.0,71.0
2025-10-15,4,99,85,11,8,Wed,2,10,15,85.0,21.0,86.0,77.0,29.0,2.0,40.0,21.0,31.0,28.0
2025-10-16,74,8,20,60,55,Thu,3,10,16,4.0,85.0,99.0,86.0,85.0,29.0,11.0,40.0,8.0,31.0
2025-10-17,64,82,32,45,12,Fri,4,10,17,74.0,4.0,8.0,99.0,20.0,85.0,60.0,11.0,55.0,8.0
2025-10-18,97,40,41,3,95,Sat,5,10,18,64.0,74.0,82.0,8.0,32.0,20.0,45.0,60.0,12.0,55.0
2025-10-19,93,58,92,47,4,Sun,6,10,19,97.0,64.0,40.0,82.0,41.0,32.0,3.0,45.0,95.0,12.0
2025-10-21,4,90,74,43,90,Tue,1,10,21,93.0,97.0,58.0,40.0,92.0,41.0,47.0,3.0,4.0,95.0
2025-10-22,26,63,94,74,26,Wed,2,10,22,4.0,93.0,90.0,58.0,74.0,92.0,43.0,47.0,90.0,4.0
2025-10-23,99,92,56,68,86,Thu,3,10,23,26.0,4.0,63.0,90.0,94.0,74.0,74.0,43.0,26.0,90.0
2025-10-24,92,61,77,33,15,Fri,4,10,24,99.0,26.0,92.0,63.0,56.0,94.0,68.0,74.0,86.0,26.0
2025-10-25,94,54,4,54,72,Sat,5,10,25,92.0,99.0,61.0,92.0,77.0,56.0,33.0,68.0,15.0,86.0
2025-10-26,19,58,42,10,47,Sun,6,10,26,94.0,92.0,54.0,61.0,4.0,77.0,54.0,33.0,72.0,15.0
2025-10-27,93,79,0,66,40,Mon,0,10,27,19.0,94.0,58.0,54.0,42.0,4.0,10.0,54.0,47.0,72.0
2025-10-28,12,92,98,14,94,Tue,1,10,28,93.0,19.0,79.0,58.0,0.0,42.0,66.0,10.0,40.0,47.0
2025-10-29,52,97,14,87,61,Wed,2,10,29,12.0,93.0,92.0,79.0,98.0,0.0,14.0,66.0,94.0,40.0
2025-10-30,31,61,40,49,26,Thu,3,10,30,52.0,12.0,97.0,92.0,14.0,98.0,87.0,14.0,61.0,94.0
2025-10-31,85,15,80,18,68,Fri,4,10,31,31.0,52.0,61.0,97.0,40.0,14.0,49.0,87.0,26.0,61.0
2025-11-02,8,62,0,54,69,Sun,6,11,2,85.0,31.0,15.0,61.0,80.0,40.0,18.0,49.0,68.0,26.0
2025-11-03,1,14,44,18,34,Mon,0,11,3,8.0,85.0,62.0,15.0,0.0,80.0,54.0,18.0,69.0,68.0
2025-11-04,69,80,8,20,34,Tue,1,11,4,1.0,8.0,14.0,62.0,44.0,0.0,18.0,54.0,34.0,69.0
2025-11-05,84,74,63,99,30,Wed,2,11,5,69.0,1.0,80.0,14.0,8.0,44.0,20.0,18.0,34.0,34.0
2025-11-06,1,78,26,94,49,Thu,3,11,6,84.0,69.0,74.0,80.0,63.0,8.0,99.0,20.0,30.0,34.0
2025-11-07,83,42,86,29,97,Fri,4,11,7,1.0,84.0,78.0,74.0,26.0,63.0,94.0,99.0,49.0,30.0
2025-11-08,17,60,18,6,18,Sat,5,11,8,83.0,1.0,42.0,78.0,86.0,26.0,29.0,94.0,97.0,49.0
2025-11-09,61,20,51,47,0,Sun,6,11,9,17.0,83.0,60.0,42.0,18.0,86.0,6.0,29.0,18.0,97.0
2025-11-10,56,78,4,16,41,Mon,0,11,10,61.0,17.0,20.0,60.0,51.0,18.0,47.0,6.0,0.0,18.0
2025-11-11,65,77,36,6,7,Tue,1,11,11,56.0,61.0,78.0,20.0,4.0,51.0,16.0,47.0,41.0,0.0
2025-11-12,18,38,85,69,82,Wed,2,11,12,65.0,56.0,77.0,78.0,36.0,4.0,6.0,16.0,7.0,41.0
2025-11-13,30,16,17,32,20,Thu,3,11,13,18.0,65.0,38.0,77.0,85.0,36.0,69.0,6.0,82.0,7.0
2025-11-14,31,0,16,73,27,Fri,4,11,14,30.0,18.0,16.0,38.0,17.0,85.0,32.0,69.0,20.0,82.0
2025-11-15,49,20,7,33,44,Sat,5,11,15,31.0,30.0,0.0,16.0,16.0,17.0,73.0,32.0,27.0,20.0
2025-11-16,33,47,20,20,46,Sun,6,11,16,49.0,31.0,20.0,0.0,7.0,16.0,33.0,73.0,44.0,27.0
2025-11-17,86,74,38,90,42,Mon,0,11,17,33.0,49.0,47.0,20.0,20.0,7.0,20.0,33.0,46.0,44.0
2025-11-18,54,85,23,62,46,Tue,1,11,18,86.0,33.0,74.0,47.0,38.0,20.0,90.0,20.0,42.0,46.0
2025-11-19,52,78,98,74,45,Wed,2,11,19,54.0,86.0,85.0,74.0,23.0,38.0,62.0,90.0,46.0,42.0
2025-11-20,48,47,71,70,13,Thu,3,11,20,52.0,54.0,78.0,85.0,98.0,23.0,74.0,62.0,45.0,46.0
2025-11-21,8,33,93,35,28,Fri,4,11,21,48.0,52.0,47.0,78.0,71.0,98.0,70.0,74.0,13.0,45.0
2025-11-22,70,52,74,97,82,Sat,5,11,22,8.0,48.0,33.0,47.0,93.0,71.0,35.0,70.0,28.0,13.0
2025-11-23,15,20,98,36,76,Sun,6,11,23,70.0,8.0,52.0,33.0,74.0,93.0,97.0,35.0,82.0,28.0
2025-11-24,79,51,82,60,8,Mon,0,11,24,15.0,70.0,20.0,52.0,98.0,74.0,36.0,97.0,76.0,82.0
2025-11-25,72,78,82,75,48,Tue,1,11,25,79.0,15.0,51.0,20.0,82.0,98.0,60.0,36.0,8.0,76.0
2025-11-26,86,86,42,6,10,Wes,2,11,26,72.0,79.0,78.0,51.0,82.0,82.0,75.0,60.0,48.0,8.0
2025-11-27,82,49,78,71,99,Thu,3,11,27,86.0,72.0,86.0,78.0,42.0,82.0,6.0,75.0,10.0,48.0
2025-11-28,65,89,68,27,70,Fri,4,11,28,82.0,86.0,49.0,86.0,78.0,42.0,71.0,6.0,99.0,10.0
2025-11-29,64,26,16,65,11,Sat,5,11,29,65.0,82.0,89.0,49.0,68.0,78.0,27.0,71.0,70.0,99.0
2025-11-30,49,65,93,44,87,Sun,6,11,30,64.0,65.0,26.0,89.0,16.0,68.0,65.0,27.0,11.0,70.0
2025-12-01,14,17,61,36,77,Mon,0,12,1,49.0,64.0,65.0,26.0,93.0,16.0,44.0,65.0,87.0,11.0
2025-12-02,73,65,10,96,83,Tue,1,12,2,14.0,49.0,17.0,65.0,61.0,93.0,36.0,44.0,77.0,87.0
2025-12-03,99,23,3,0,52,Wed,2,12,3,73.0,14.0,65.0,17.0,10.0,61.0,96.0,36.0,83.0,77.0
2025-12-04,60,17,78,69,71,Thu,3,12,4,99.0,73.0,23.0,65.0,3.0,10.0,0.0,96.0,52.0,83.0
2025-12-05,58,79,97,18,32,Fri,4,12,5,60.0,99.0,17.0,23.0,78.0,3.0,69.0,0.0,71.0,52.0
2025-12-06,20,17,55,98,49,Sat,5,12,6,58.0,60.0,79.0,17.0,97.0,78.0,18.0,69.0,32.0,71.0
2025-12-07,18,62,13,70,0,Sun,6,12,7,20.0,58.0,17.0,79.0,55.0,97.0,98.0,18.0,49.0,32.0
2025-12-08,26,60,44,77,51,Mon,0,12,8,18.0,20.0,62.0,17.0,13.0,55.0,70.0,98.0,0.0,49.0
2025-12-09,11,28,11,51,3,Tue,1,12,9,26.0,18.0,60.0,62.0,44.0,13.0,77.0,70.0,51.0,0.0
2025-12-10,70,70,87,72,81,Wed,2,12,10,11.0,26.0,28.0,60.0,11.0,44.0,51.0,77.0,3.0,51.0
2025-12-11,59,99,61,62,52,Thu,3,12,11,70.0,11.0,70.0,28.0,87.0,11.0,72.0,51.0,81.0,3.0
2025-12-12,0,89,47,16,85,Fri,4,12,12,59.0,70.0,99.0,70.0,61.0,87.0,62.0,72.0,52.0,81.0
2025-12-13,0,63,47,8,46,Sat,5,12,13,0.0,59.0,89.0,99.0,47.0,61.0,16.0,62.0,85.0,52.0
2025-12-14,22,35,16,82,98,Sun,6,12,14,0.0,0.0,63.0,89.0,47.0,47.0,8.0,16.0,46.0,85.0
2025-12-15,36,65,58,36,5,Mon,0,12,15,22.0,0.0,35.0,63.0,16.0,47.0,82.0,8.0,98.0,46.0
2025-12-16,62,40,62,37,9,Tue,1,12,16,36.0,22.0,65.0,35.0,58.0,16.0,36.0,82.0,5.0,98.0
2025-12-17,77,9,39,40,73,Wed,2,12,17,62.0,36.0,40.0,65.0,62.0,58.0,37.0,36.0,9.0,5.0
2025-12-18,64,16,11,40,81,Thu,3,12,18,77.0,62.0,9.0,40.0,39.0,62.0,40.0,37.0,73.0,9.0
2025-12-19,64,57,60,49,87,Fri,4,12,19,64.0,77.0,16.0,9.0,11.0,39.0,40.0,40.0,81.0,73.0
2025-12-20,58,83,63,25,26,Sat,5,12,20,64.0,64.0,57.0,16.0,60.0,11.0,49.0,40.0,87.0,81.0
2025-12-21,96,31,73,28,85,Sun,6,12,21,58.0,64.0,83.0,57.0,63.0,60.0,25.0,49.0,26.0,87.0
2025-12-22,85,26,64,64,48,Mon,0,12,22,96.0,58.0,31.0,83.0,73.0,63.0,28.0,25.0,85.0,26.0
2025-12-23,10,13,8,94,95,Tue,1,12,23,85.0,96.0,26.0,31.0,64.0,73.0,64.0,28.0,48.0,85.0
2025-12-24,63,87,69,91,21,Wed,2,12,24,10.0,85.0,13.0,26.0,8.0,64.0,94.0,64.0,95.0,48.0
2025-12-25,80,37,40,35,18,Thu,3,12,25,63.0,10.0,87.0,13.0,69.0,8.0,91.0,94.0,21.0,95.0
2025-12-26,25,54,84,96,59,Fri,4,12,26,80.0,63.0,37.0,87.0,40.0,69.0,35.0,91.0,18.0,21.0
2025-12-27,83,20,87,34,83,Sat,5,12,27,25.0,80.0,54.0,37.0,84.0,40.0,96.0,35.0,59.0,18.0
2025-12-28,62,76,90,36,34,Sun,6,12,28,83.0,25.0,20.0,54.0,87.0,84.0,34.0,96.0,83.0,59.0
2025-12-29,70,40,94,13,73,Mon,0,12,29,62.0,83.0,76.0,20.0,90.0,87.0,36.0,34.0,34.0,83.0
2025-12-30,49,0,15,1,35,Tue,1,12,30,70.0,62.0,40.0,76.0,94.0,90.0,13.0,36.0,73.0,34.0
2025-12-31,17,39,34,36,61,Wed,2,12,31,49.0,70.0,0.0,40.0,15.0,94.0,1.0,13.0,35.0,73.0
2026-01-01,69,32,99,43,35,Thu,3,1,1,17.0,49.0,39.0,0.0,34.0,15.0,36.0,1.0,61.0,35.0
2026-01-02,69,68,39,22,35,Fri,4,1,2,69.0,17.0,32.0,39.0,99.0,34.0,43.0,36.0,35.0,61.0
2026-01-03,59,49,41,15,23,Sat,5,1,3,69.0,69.0,68.0,32.0,39.0,99.0,22.0,43.0,35.0,35.0
2026-01-04,73,25,61,94,6,Sun,6,1,4,59.0,69.0,49.0,68.0,41.0,39.0,15.0,22.0,23.0,35.0
2026-01-05,22,59,31,37,2,Mon,0,1,5,73.0,59.0,25.0,49.0,61.0,41.0,94.0,15.0,6.0,23.0
2026-01-06,49,31,63,79,96,Tue,1,1,6,22.0,73.0,59.0,25.0,31.0,61.0,37.0,94.0,2.0,6.0
2026-01-07,90,31,56,66,17,Wed,2,1,7,49.0,22.0,31.0,59.0,63.0,31.0,79.0,37.0,96.0,2.0
2026-01-08,73,47,91,92,59,Thu,3,1,8,90.0,49.0,31.0,31.0,56.0,63.0,66.0,79.0,17.0,96.0
2026-01-09,89,95,65,43,28,Fri,4,1,9,73.0,90.0,47.0,31.0,91.0,56.0,92.0,66.0,59.0,17.0
2026-01-10,44,41,48,61,49,Sat,5,1,10,89.0,73.0,95.0,47.0,65.0,91.0,43.0,92.0,28.0,59.0
2026-01-11,59,10,23,55,19,Sun,6,1,11,44.0,89.0,41.0,95.0,48.0,65.0,61.0,43.0,49.0,28.0
2026-01-12,54,39,79,66,74,Mon,0,1,12,59.0,44.0,10.0,41.0,23.0,48.0,55.0,61.0,19.0,49.0
2026-01-13,20,14,10,70,81,Tue,1,1,13,54.0,59.0,39.0,10.0,79.0,23.0,66.0,55.0,74.0,19.0
2026-01-14,36,31,96,1,31,Wed,2,1,14,20.0,54.0,14.0,39.0,10.0,79.0,70.0,66.0,81.0,74.0
2026-01-15,7,1,12,70,42,Thu,3,1,15,36.0,20.0,31.0,14.0,96.0,10.0,1.0,70.0,31.0,81.0
2026-01-16,9,52,59,8,67,Fri,4,1,16,7.0,36.0,1.0,31.0,12.0,96.0,70.0,1.0,42.0,31.0
2026-01-17,22,1,18,96,91,Sat,5,1,17,9.0,7.0,52.0,1.0,59.0,12.0,8.0,70.0,67.0,42.0
2026-01-18,75,32,92,57,57,Sun,6,1,18,22.0,9.0,1.0,52.0,18.0,59.0,96.0,8.0,91.0,67.0
2026-01-19,41,47,30,95,99,Mon,0,1,19,75.0,22.0,32.0,1.0,92.0,18.0,57.0,96.0,57.0,91.0
2026-01-20,32,48,15,9,42,Tue,1,1,20,41.0,75.0,47.0,32.0,30.0,92.0,95.0,57.0,99.0,57.0
2026-01-21,19,41,74,55,43,Wed,2,1,21,32.0,41.0,48.0,47.0,15.0,30.0,9.0,95.0,42.0,99.0
2026-01-22,47,18,37,7,98,Thu,3,1,22,19.0,32.0,41.0,48.0,74.0,15.0,55.0,9.0,43.0,42.0
2026-01-23,34,7,32,84,40,Fri,4,1,23,47.0,19.0,18.0,41.0,37.0,74.0,7.0,55.0,98.0,43.0
2026-01-24,8,0,43,49,15,Sat,5,1,24,34.0,47.0,7.0,18.0,32.0,37.0,84.0,7.0,40.0,98.0
2026-01-25,31,72,40,84,35,Sun,6,1,25,8.0,34.0,0.0,7.0,43.0,32.0,49.0,84.0,15.0,40.0
2026-01-26,60,23,88,14,93,Mon,0,1,26,31.0,8.0,72.0,0.0,40.0,43.0,84.0,49.0,35.0,15.0
2026-01-27,73,8,55,2,77,Tue,1,1,27,60.0,31.0,23.0,72.0,88.0,40.0,14.0,84.0,93.0,35.0
2026-01-28,26,9,57,48,17,Wed,2,1,28,73.0,60.0,8.0,23.0,55.0,88.0,2.0,14.0,77.0,93.0
2026-01-29,1,84,57,83,89,Thu,3,1,29,26.0,73.0,9.0,8.0,57.0,55.0,48.0,2.0,17.0,77.0
2026-01-30,94,92,54,41,70,Fri,4,1,30,1.0,26.0,84.0,9.0,57.0,57.0,83.0,48.0,89.0,17.0
2026-01-31,21,15,99,42,40,Sat,5,1,31,94.0,1.0,92.0,84.0,54.0,57.0,41.0,83.0,70.0,89.0
2026-02-01,9,41,25,58,64,Sun,6,2,1,21.0,94.0,15.0,92.0,99.0,54.0,42.0,41.0,40.0,70.0
2026-02-02,90,93,43,32,32,Mon,0,2,2,9.0,21.0,41.0,15.0,25.0,99.0,58.0,42.0,64.0,40.0
2026-02-04,70,60,72,95,89,Wed,2,2,4,90.0,9.0,93.0,41.0,43.0,25.0,32.0,58.0,32.0,64.0
2026-02-05,32,77,13,38,31,Thu,3,2,5,70.0,90.0,60.0,93.0,72.0,43.0,95.0,32.0,89.0,32.0
2026-02-06,30,1,54,61,38,Fri,4,2,6,32.0,70.0,77.0,60.0,13.0,72.0,38.0,95.0,31.0,89.0
2026-02-07,8,32,1,21,57,Sat,5,2,7,30.0,32.0,1.0,77.0,54.0,13.0,61.0,38.0,38.0,31.0
2026-02-08,34,63,12,77,0,Sun,6,2,8,8.0,30.0,32.0,1.0,1.0,54.0,21.0,61.0,57.0,38.0
2026-02-09,22,76,6,8,16,Mon,0,2,9,34.0,8.0,63.0,32.0,12.0,1.0,77.0,21.0,0.0,57.0
2026-02-10,90,16,21,54,22,Tue,1,2,10,22.0,34.0,76.0,63.0,6.0,12.0,8.0,77.0,16.0,0.0
2026-02-11,65,35,26,68,51,Wed,2,2,11,90.0,22.0,16.0,76.0,21.0,6.0,54.0,8.0,22.0,16.0
2026-02-12,48,69,0,84,29,Thu,3,2,12,65.0,90.0,35.0,16.0,26.0,21.0,68.0,54.0,51.0,22.0
2026-02-13,58,28,84,52,65,Fri,4,2,13,48.0,65.0,69.0,35.0,0.0,26.0,84.0,68.0,29.0,51.0
2026-02-14,48,57,59,59,6,Sat,5,2,14,58.0,48.0,28.0,69.0,84.0,0.0,52.0,84.0,65.0,29.0
2026-02-15,3,69,73,92,87,Sun,6,2,15,48.0,58.0,57.0,28.0,59.0,84.0,59.0,52.0,6.0,65.0
2026-02-16,20,77,88,73,35,Mon,0,2,16,3.0,48.0,69.0,57.0,73.0,59.0,92.0,59.0,87.0,6.0
2026-02-17,3,66,65,22,63,Tue,1,2,17,20.0,3.0,77.0,69.0,88.0,73.0,73.0,92.0,35.0,87.0
2026-02-18,42,98,66,38,70,Wed,2,2,18,3.0,20.0,66.0,77.0,65.0,88.0,22.0,73.0,63.0,35.0
2026-02-19,25,82,21,21,86,Thu,3,2,19,42.0,3.0,98.0,66.0,66.0,65.0,38.0,22.0,70.0,63.0
2026-02-20,25,13,81,25,69,Fri,4,2,20,25.0,42.0,82.0,98.0,21.0,66.0,21.0,38.0,86.0,70.0
2026-02-21,63,88,72,16,73,Sat,5,2,21,25.0,25.0,13.0,82.0,81.0,21.0,25.0,21.0,69.0,86.0
2026-02-22,18,84,26,41,14,Sun,6,2,22,63.0,25.0,88.0,13.0,72.0,81.0,16.0,25.0,73.0,69.0
2026-02-23,78,16,59,69,2,Mon,0,2,23,18.0,63.0,84.0,88.0,26.0,72.0,41.0,16.0,14.0,73.0
2026-02-24,13,54,89,80,45,Tue,1,2,24,78.0,18.0,16.0,84.0,59.0,26.0,69.0,41.0,2.0,14.0
2026-02-25,0,14,66,58,88,Wed,2,2,25,13.0,78.0,54.0,16.0,89.0,59.0,80.0,69.0,45.0,2.0
2026-02-26,13,59,58,70,9,Thur,3,2,26,0.0,13.0,14.0,54.0,66.0,89.0,58.0,80.0,88.0,45.0
2026-02-27,48,35,91,68,54,Fri,4,2,27,13.0,0.0,59.0,14.0,58.0,66.0,70.0,58.0,9.0,88.0
2026-02-28,71,20,59,57,66,Sat,5,2,28,48.0,13.0,35.0,59.0,91.0,58.0,68.0,70.0,54.0,9.0
2026-03-01,68,89,82,83,48,Sun,6,3,1,71.0,48.0,20.0,35.0,59.0,91.0,57.0,68.0,66.0,54.0
2026-03-02,0,87,83,29,87,Mon,0,3,2,68.0,71.0,89.0,20.0,82.0,59.0,83.0,57.0,48.0,66.0
2026-03-03,51,19,3,28,49,Tue,1,3,3,0.0,68.0,87.0,89.0,83.0,82.0,29.0,83.0,87.0,48.0
2026-03-04,57,54,41,13,55,Wed,2,3,4,51.0,0.0,19.0,87.0,3.0,83.0,28.0,29.0,49.0,87.0
2026-03-05,96,22,23,91,41,Thur,3,3,5,57.0,51.0,54.0,19.0,41.0,3.0,13.0,28.0,55.0,49.0
2026-03-06,14,89,26,26,91,Fri,4,3,6,96.0,57.0,22.0,54.0,23.0,41.0,91.0,13.0,41.0,55.0
2026-03-07,8,13,88,84,3,Sat,5,3,7,14.0,96.0,89.0,22.0,26.0,23.0,26.0,91.0,91.0,41.0
2026-03-08,67,14,29,30,72,Sun,6,3,8,8.0,14.0,13.0,89.0,88.0,26.0,84.0,26.0,3.0,91.0
2026-03-09,40,85,32,0,91,Mon,0,3,9,67.0,8.0,14.0,13.0,29.0,88.0,30.0,84.0,72.0,3.0
2026-03-10,29,85,87,27,58,Tue,1,3,10,40.0,67.0,85.0,14.0,32.0,29.0,0.0,30.0,91.0,72.0
2026-03-11,48,48,64,8,38,Wed,2,3,11,29.0,40.0,85.0,85.0,87.0,32.0,27.0,0.0,58.0,91.0
2026-03-12,92,68,29,65,87,Thur,3,3,12,48.0,29.0,48.0,85.0,64.0,87.0,8.0,27.0,38.0,58.0
2026-03-13,96,29,71,45,7,Fri,4,3,13,92.0,48.0,68.0,48.0,29.0,64.0,65.0,8.0,87.0,38.0
2026-03-14,47,4,22,46,76,Sat,5,3,14,96.0,92.0,29.0,68.0,71.0,29.0,45.0,65.0,7.0,87.0
2026-03-15,40,66,75,68,26,Sun,6,3,15,47.0,96.0,4.0,29.0,22.0,71.0,46.0,45.0,76.0,7.0
2026-03-16,56,3,67,90,46,Mon,0,3,16,40.0,47.0,66.0,4.0,75.0,22.0,68.0,46.0,26.0,76.0
2026-03-17,89,56,5,72,7,Tue,1,3,17,56.0,40.0,3.0,66.0,67.0,75.0,90.0,68.0,46.0,26.0
2026-03-18,63,91,22,14,63,Wed,2,3,18,89.0,56.0,56.0,3.0,5.0,67.0,72.0,90.0,7.0,46.0
2026-03-19,92,23,5,17,68,Thur,3,3,19,63.0,89.0,91.0,56.0,22.0,5.0,14.0,72.0,63.0,7.0
2026-03-20,82,40,54,52,21,Fri,4,3,20,92.0,63.0,23.0,91.0,5.0,22.0,17.0,14.0,68.0,63.0
2026-03-23,20,25,44,15,87,Sat,0,3,23,82.0,92.0,40.0,23.0,54.0,5.0,52.0,17.0,21.0,68.0
2026-03-24,12,12,12,36,8,Sun,1,3,24,20.0,82.0,25.0,40.0,44.0,54.0,15.0,52.0,87.0,21.0
2026-03-25,40,6,94,4,45,Mon,2,3,25,12.0,20.0,12.0,25.0,12.0,44.0,36.0,15.0,8.0,87.0
2026-03-26,55,87,62,40,51,Thur,3,3,26,40.0,12.0,6.0,12.0,94.0,12.0,4.0,36.0,45.0,8.0
2026-03-27,81,99,56,44,43,Fri,4,3,27,55.0,40.0,87.0,6.0,62.0,94.0,40.0,4.0,51.0,45.0
2026-03-28,86,16,98,98,95,Sat,5,3,28,81.0,55.0,99.0,87.0,56.0,62.0,44.0,40.0,43.0,51.0
2026-03-29,61,12,9,83,61,Sun,6,3,29,86.0,81.0,16.0,99.0,98.0,56.0,98.0,44.0,95.0,43.0
2026-03-30,58,92,25,3,6,Mon,0,3,30,61.0,86.0,12.0,16.0,9.0,98.0,83.0,98.0,61.0,95.0
2026-03-31,76,55,20,59,44,Wed,1,3,31,58.0,61.0,92.0,12.0,25.0,9.0,3.0,83.0,6.0,61.0
2026-04-01,97,92,69,6,23,Thur,2,4,1,76.0,58.0,55.0,92.0,20.0,25.0,59.0,3.0,44.0,6.0
2026-04-02,52,46,6,30,76,Fri,3,4,2,97.0,76.0,92.0,55.0,69.0,20.0,6.0,59.0,23.0,44.0
2026-04-03,22,63,19,3,56,𝐅𝐫𝐢,4,4,3,52.0,97.0,46.0,92.0,6.0,69.0,30.0,6.0,76.0,23.0
2026-04-04,86,88,4,92,96,Sat,5,4,4,22.0,52.0,63.0,46.0,19.0,6.0,3.0,30.0,56.0,76.0
2026-04-05,75,53,6,13,96,Sun,6,4,5,86.0,22.0,88.0,63.0,4.0,19.0,92.0,3.0,96.0,56.0
2026-04-06,61,76,17,5,79,Mon,0,4,6,75.0,86.0,53.0,88.0,6.0,4.0,13.0,92.0,96.0,96.0
2026-04-07,59,16,99,58,93,Tue,1,4,7,61.0,75.0,76.0,53.0,17.0,6.0,5.0,13.0,79.0,96.0
2026-04-08,61,81,79,2,49,Wed,2,4,8,59.0,61.0,16.0,76.0,99.0,17.0,58.0,5.0,93.0,79.0
2026-04-09,65,62,71,56,45,Thur,3,4,9,61.0,59.0,81.0,16.0,79.0,99.0,2.0,58.0,49.0,93.0
2026-04-10,30,17,87,76,63,Fri,4,4,10,65.0,61.0,62.0,81.0,71.0,79.0,56.0,2.0,45.0,49.0
2026-04-11,54,70,52,17,5,Saturday,5,4,11,30.0,65.0,17.0,62.0,87.0,71.0,76.0,56.0,63.0,45.0
2026-04-12,27,81,88,73,25,Sunday,6,4,12,54.0,30.0,70.0,17.0,52.0,87.0,17.0,76.0,5.0,63.0
2026-04-13,56,23,86,59,80,Monday,0,4,13,27.0,54.0,81.0,70.0,88.0,52.0,73.0,17.0,25.0,5.0
2026-04-14,15,3,2,2,80,Tuesday,1,4,14,56.0,27.0,23.0,81.0,86.0,88.0,59.0,73.0,80.0,25.0
2026-04-15,92,35,31,72,72,Tuesday,2,4,15,15.0,56.0,3.0,23.0,2.0,86.0,2.0,59.0,80.0,80.0
2026-04-16,76,92,57,94,34,Thursday,3,4,16,92.0,15.0,35.0,3.0,31.0,2.0,72.0,2.0,72.0,80.0
2026-04-17,20,94,89,95,92,Friday,4,4,17,76.0,92.0,92.0,35.0,57.0,31.0,94.0,72.0,34.0,72.0
2026-04-18,50,51,37,97,71,Saturday,5,4,18,20.0,76.0,94.0,92.0,89.0,57.0,95.0,94.0,92.0,34.0
2026-04-19,81,56,40,57,37,Sun,6,4,19,50.0,20.0,51.0,94.0,37.0,89.0,97.0,95.0,71.0,92.0
